QTL_No	QTL	GRMZM_ID
2	2	GRMZM2G112728
4	4	GRMZM2G082998
5	5	GRMZM2G036455
6	6	GRMZM2G039373
9	9	GRMZM2G031028
11	11_mitogen	GRMZM2G017351
11	11_rRNA	GRMZM2G043174
22	22	GRMZM2G014170
23	23	GRMZM2G073351
24	24	GRMZM2G084942
25	25	GRMZM2G088396
27	27	GRMZM2G035213
29	29	GRMZM2G060870
34	34	GRMZM2G493395
37	37	GRMZM2G128176
41	41	GRMZM2G173641
42	42	GRMZM2G173358
43	43	GRMZM2G118979
47	47	GRMZM2G139512
