QTL_No	QTL	GRMZM_ID	PeakChr	PeakPos	PeakAllele
22	22	GRMZM2G014170	5	804596	T_A_hm2
11	11_mitogen	GRMZM2G017351	2	209925694	A_G_hm2
9	9	GRMZM2G031028	2	43433675	T_A_hm2
27	27	GRMZM2G035213	5	200369757	A_G_hm1
5	5	GRMZM2G036455	1	227532930	A_G_hm2
6	6	GRMZM2G039373	1	258444519	G_C_hm2
11	11_rRNA	GRMZM2G043174	2	210031865	T_C_hm2
29	29	GRMZM2G060870	6	75506978	T_C_hm2
23	23	GRMZM2G073351	5	24863016	A_G_hm2
4	4	GRMZM2G082998	1	173993427	T_C_hm2
24	24	GRMZM2G084942	5	59303488	C_T_hm2
25	25	GRMZM2G088396	5	83859304	C_T_hm2
2	2	GRMZM2G112728	1	11113039	G_A_hm2
43	43	GRMZM2G118979	9	138244786	G_C_hm2
37	37	GRMZM2G128176	7	171567961	T_A_hm2
47	47	GRMZM2G139512	10	106529052	G_A_hm1
42	42	GRMZM2G173358	9	92478319	G_A_hm2
41	41	GRMZM2G173641	9	20464037	C_T_hm2
34	34	GRMZM2G493395	7	14077673	C_G_hm2
